<?xml version="1.0" encoding="UTF-8"?>
<project-private xmlns="http://www.netbeans.org/ns/project-private/1">
    <editor-bookmarks xmlns="http://www.netbeans.org/ns/editor-bookmarks/2" lastBookmarkId="0"/>
    <open-files xmlns="http://www.netbeans.org/ns/projectui-open-files/2">
        <group>
            <file>file:/Users/aaronyang/OneDrive%20-%20North%20Dakota%20University%20System/19_1_Spring/161-Computer%20Science%20II/Assignments/Lab100/Lab100_YangZ/src/Client.java</file>
            <file>file:/Users/aaronyang/OneDrive%20-%20North%20Dakota%20University%20System/19_1_Spring/161-Computer%20Science%20II/Assignments/Lab100/Lab100_YangZ/src/Employee.java</file>
        </group>
    </open-files>
</project-private>
