<?xml version="1.0" encoding="UTF-8"?>
<project-private xmlns="http://www.netbeans.org/ns/project-private/1">
    <editor-bookmarks xmlns="http://www.netbeans.org/ns/editor-bookmarks/2" lastBookmarkId="1"/>
    <open-files xmlns="http://www.netbeans.org/ns/projectui-open-files/2">
        <group>
            <file>file:/Users/aaronyang/OneDrive%20-%20North%20Dakota%20University%20System/19_1_Spring/161-Computer%20Science%20II/DataStrructureAndAlgorithm_Assignments/Lab105/Lab105_YangZ/src/ArrayList.java</file>
            <file>file:/Users/aaronyang/OneDrive%20-%20North%20Dakota%20University%20System/19_1_Spring/161-Computer%20Science%20II/DataStrructureAndAlgorithm_Assignments/Lab105/Lab105_YangZ/src/Client.java</file>
            <file>file:/Users/aaronyang/OneDrive%20-%20North%20Dakota%20University%20System/19_1_Spring/161-Computer%20Science%20II/DataStrructureAndAlgorithm_Assignments/Lab105/Lab105_YangZ/src/SinglyLinkedList.java</file>
            <file>file:/Users/aaronyang/OneDrive%20-%20North%20Dakota%20University%20System/19_1_Spring/161-Computer%20Science%20II/DataStrructureAndAlgorithm_Assignments/Lab105/Lab105_YangZ/src/LinkedStack.java</file>
            <file>file:/Users/aaronyang/OneDrive%20-%20North%20Dakota%20University%20System/19_1_Spring/161-Computer%20Science%20II/DataStrructureAndAlgorithm_Assignments/Lab105/Lab105_YangZ/src/ArrayQueue.java</file>
            <file>file:/Users/aaronyang/OneDrive%20-%20North%20Dakota%20University%20System/19_1_Spring/161-Computer%20Science%20II/DataStrructureAndAlgorithm_Assignments/Lab105/Lab105_YangZ/src/ArrayStack.java</file>
            <file>file:/Users/aaronyang/OneDrive%20-%20North%20Dakota%20University%20System/19_1_Spring/161-Computer%20Science%20II/DataStrructureAndAlgorithm_Assignments/Lab105/Lab105_YangZ/src/LinkedQueue.java</file>
        </group>
    </open-files>
</project-private>
